id,年度,代碼,學系,學院,轉系轉出申請,轉系轉出核准,轉系轉入申請志願1,轉系轉入申請志願2,轉系轉入招收名額,轉系轉入核准,雙主轉出申請,雙主轉出核准,雙主轉入申請,雙主轉入核准,雙主轉入招收名額,輔系轉出申請,輔系轉出核准,輔系轉入申請,輔系轉入核准,輔系轉入招收名額,上學期就讀人數,下學期就讀人數,考試分發,繁星計畫,個人申請
1,99,1010,中國文學系,文,8,4,4,0,--,2,28,8,67,19,NA,38,16,76,16,NA,291,283,36,5,9
2,99,1011,中文國際學士班,文,,,,,,,,,,,,,,,,,42,41,,,
3,99,1020,外國語文學系,文,4,2,14,5,--,5,41,21,82,5,5,61,24,0,0,15,585,569,63,10,27
4,99,102A,外國語文學系（文學組）,文,0,0,0,0,--,0,0,0,0,0,NA,0,0,77,10,NA,--,--,,,
5,99,102B,外國語文學系（語言組）,文,0,0,0,0,--,0,0,0,0,0,NA,0,0,153,5,NA,--,--,,,
6,99,1030,歷史學系,文,17,8,8,1,--,6,41,20,31,10,10,40,18,35,5,20,291,285,27,13,11
7,99,1040,哲學系,文,34,16,2,2,--,2,52,22,27,12,NA,38,14,63,39,NA,217,215,27,8,12
8,99,1050,人類學系,文,22,15,1,1,--,1,24,11,18,10,NA,24,11,27,11,NA,146,138,20,9,7
9,99,1060,圖書資訊學系,文,13,5,2,0,--,2,35,9,29,5,5,35,13,35,8,8,225,220,27,4,14
10,99,1070,日本語文學系,文,7,2,10,0,--,4,36,13,85,5,5,41,18,105,10,10,278,270,42,4,4
11,99,1090,戲劇學系,文,15,9,3,1,--,2,13,7,23,2,2,14,6,39,2,2,155,151,22,3,9
12,99,2010,數學系,理,6,2,3,4,--,0,12,4,44,30,30,15,7,54,39,50,240,228,24,4,22
13,99,2020,物理學系,理,3,0,27,0,--,11,6,3,51,9,10,7,4,49,8,10,303,296,21,7,30
14,99,2030,化學系,理,4,2,12,13,--,7,7,1,23,2,2,9,5,32,6,6,289,279,25,18,12
15,99,2040,地質科學系,理,18,7,3,1,--,4,22,10,7,0,NA,18,12,9,2,NA,178,168,20,13,10
16,99,2070,心理學系,理,10,2,16,0,--,8,17,4,62,12,12,24,14,119,12,12,297,290,49,6,12
17,99,2080,地理環境資源學系,理,30,20,3,0,--,2,31,11,17,7,8,27,15,17,10,10,185,181,22,10,8
18,99,2090,大氣科學系,理,24,14,2,3,--,2,30,14,10,5,5,27,15,8,5,5,152,146,22,4,8
19,99,3021,政治學系 政治理論組,社科,15,10,16,12,--,11,29,13,51,10,10,27,11,40,15,20,245,238,32,5,12
20,99,3022,政治學系 國際關係組,社科,2,1,23,10,--,11,29,13,126,20,20,30,10,142,40,40,282,272,33,6,11
21,99,3023,政治學系 公共行政組,社科,21,13,10,20,--,11,39,13,78,10,10,45,21,61,20,20,239,242,33,5,12
22,99,3030,經濟學系,社科,11,3,54,21,--,26,49,12,237,38,40,41,25,373,107,125,652,631,60,10,50
23,99,3050,社會學系,社科,12,6,4,0,--,3,24,9,93,62,NA,25,10,92,46,NA,211,203,32,4,6
24,99,3100,社會工作學系,社科,15,7,8,1,--,5,23,9,27,15,NA,22,9,40,19,NA,220,217,35,5,6
25,99,4010,醫學系,醫,3,1,3,0,--,0,13,8,0,0,NA,14,10,0,0,NA,894,888,95,4,16
26,99,4020,牙醫學系,醫,0,0,19,0,--,3,2,2,0,0,NA,2,1,0,0,NA,230,227,25,2,3
27,99,4030,藥學系,醫,2,0,44,0,--,11,1,0,0,0,NA,5,3,0,0,NA,250,246,40,7,8
28,99,4040,醫學檢驗暨生物技術學系,醫,6,3,15,0,--,5,3,1,0,0,NA,5,0,0,0,NA,146,142,28,5,7
29,99,4060,護理學系,醫,14,8,2,0,--,1,10,1,0,0,NA,11,6,0,0,NA,146,141,28,3,9
30,99,4080,物理治療學系,醫,10,3,5,0,--,4,6,2,0,0,NA,6,4,0,0,NA,132,128,26,7,7
31,99,4090,職能治療學系,醫,6,2,4,0,--,3,4,1,0,0,NA,5,3,0,0,NA,141,135,22,8,10
32,99,5010,土木工程學系,工,23,14,4,11,--,9,18,8,21,9,10,23,18,18,7,10,440,434,32,4,64
33,99,5020,機械工程學系,工,18,9,25,0,--,20,24,7,42,5,5,30,18,27,10,10,702,687,45,6,89
34,99,5040,化學工程學系,工,10,6,17,0,--,8,18,9,22,5,6,13,4,17,8,10,522,515,38,5,72
35,99,5050,工程科學及海洋工程學系,工,16,8,9,13,--,7,14,5,22,5,5,11,5,16,7,10,224,218,14,2,29
36,99,5070,材料科學與工程學系,工,2,1,2,0,--,0,6,3,5,1,NA,13,5,7,2,NA,218,211,16,2,32
37,99,6010,農藝學系,生農,14,8,0,2,--,0,15,6,6,1,5,17,9,9,3,5,182,178,31,5,8
38,99,6020,生物環境系統工程學系,生農,3,3,3,3,--,2,5,2,13,5,5,7,5,12,7,10,197,194,21,5,20
39,99,6030,農業化學系,生農,8,4,4,16,--,7,11,5,0,0,NA,10,3,0,0,NA,198,195,33,5,6
40,99,6050,森林環境暨資源學系,生農,31,19,2,1,--,2,27,16,11,5,40,27,19,5,2,40,332,323,41,26,16
41,99,6060,動物科學技術學系,生農,14,7,1,4,--,0,9,3,12,5,5,8,3,0,0,16,172,169,28,4,8
42,99,6070,農業經濟學系,生農,18,12,3,6,--,2,40,12,22,5,5,26,16,18,9,10,206,202,26,7,15
43,99,6080,園藝暨景觀學系,生農,15,7,1,1,--,1,13,5,14,8,10,16,6,22,9,15,218,213,30,9,14
44,99,6090,獸醫學系,生農,1,0,25,0,--,5,3,0,0,0,NA,5,2,0,0,--,315,310,35,7,13
45,99,6100,生物產業傳播暨發展學系,生農,6,2,3,9,--,5,32,18,43,10,10,32,17,60,10,10,249,239,32,5,10
46,99,6110,生物產業機電工程學系,生農,8,3,3,7,--,4,5,1,9,2,5,6,4,10,4,5,199,195,29,4,13
47,99,6120,昆蟲學系,生農,21,9,1,0,--,1,23,10,6,1,5,12,4,2,1,5,141,138,25,2,8
48,99,6130,植物病理與微生物學系,生農,6,3,1,2,--,2,5,2,8,3,5,6,2,4,1,5,145,142,27,6,2
49,99,7011,工商管理學系 企業管理組,管,0,0,13,10,--,7,24,6,0,0,NA,22,6,0,0,--,299,288,26,6,22
50,99,7012,工商管理學系 科技管理組,管,0,0,1,5,--,1,9,5,0,0,NA,15,9,0,0,--,203,201,22,5,19
51,99,7020,會計學系,管,6,2,24,14,--,9,8,3,131,10,10,12,7,0,0,--,521,508,54,20,32
52,99,7030,財務金融學系,管,4,2,13,0,--,6,23,4,97,15,15,23,12,0,0,--,531,517,62,20,30
53,99,7040,國際企業學系,管,0,0,4,0,--,0,17,2,49,5,5,24,9,49,4,5,440,425,50,12,25
54,99,7050,資訊管理學系,管,5,0,2,0,--,1,8,2,11,0,1,7,3,0,0,--,239,232,13,2,35
55,99,8010,公共衛生學系,公衛,10,4,1,0,--,1,18,7,28,3,3,16,9,23,7,7,193,188,29,8,10
56,99,9010,電機工程學系,電資,4,3,49,0,--,20,30,14,21,2,5,24,12,12,5,5,904,888,80,22,66
57,99,9020,資訊工程學系,電資,8,6,13,0,--,5,12,5,42,5,5,14,7,36,2,4,521,512,32,4,69
58,99,A010,法律學系,法,0,0,0,0,--,0,0,0,0,0,NA,0,0,56,9,16,--,--,,,
59,99,A011,法律學系 法學組,法,1,1,11,0,--,3,17,9,43,2,5,17,11,0,0,--,270,266,43,4,3
60,99,A012,法律學系 司法組,法,2,0,18,0,--,5,6,4,43,5,5,10,8,0,0,--,258,249,44,4,2
61,99,A013,法律學系 財經法學組,法,0,0,5,0,--,2,11,5,40,3,5,16,13,0,0,--,253,250,44,4,2
62,99,B010,生命科學系,生科,11,2,11,0,--,9,4,1,41,9,10,7,2,49,9,10,344,338,40,24,10
63,99,B020,生化科技學系,生科,3,0,14,0,--,4,6,1,35,5,5,7,3,32,5,5,216,211,31,3,14
64,100,1010,中國文學系,文,7,3,6,0,11,5,39,16,80,23,NA,36,13,120,20,NA,274,271,32,3,15
65,100,1011,中文國際學士班,文,0,0,0,0,--,0,1,0,0,0,NA,0,0,0,0,--,59,60,,,
66,100,1020,外國語文學系,文,11,3,16,6,5,5,65,22,111,5,5,97,50,0,0,15,591,565,54,8,38
67,100,102A,外國語文學系（文學組）,文,0,0,0,0,--,0,0,0,0,0,NA,0,0,106,10,10,--,--,,,
68,100,102B,外國語文學系（語言組）,文,0,0,0,0,--,0,0,0,0,0,NA,0,0,164,5,5,--,--,,,
69,100,1030,歷史學系,文,11,5,2,2,11,2,40,15,44,10,10,50,24,51,9,20,273,263,27,2,22
70,100,1040,哲學系,文,34,20,0,1,10,0,54,13,41,23,NA,41,16,69,44,NA,205,198,20,2,20
71,100,1050,人類學系,文,17,9,0,2,8,0,28,15,22,11,NA,23,10,22,14,NA,145,141,23,3,9
72,100,1060,圖書資訊學系,文,16,7,2,0,10,2,35,10,34,5,5,38,10,39,8,8,226,214,25,3,17
73,100,1070,日本語文學系,文,6,1,7,0,10,1,31,10,105,5,5,36,15,154,10,10,262,257,27,3,20
74,100,1090,戲劇學系,文,11,9,1,1,7,1,25,14,34,2,2,27,14,59,2,2,158,152,20,2,10
75,100,2010,數學系,理,4,0,3,3,5,0,21,3,63,30,30,22,12,67,50,50,243,236,24,4,22
76,100,2020,物理學系,理,2,1,25,0,12,6,13,8,91,7,10,19,9,90,7,10,306,302,22,4,32
77,100,2030,化學系,理,8,4,14,15,7,7,18,4,32,2,2,21,9,45,6,6,287,281,22,4,29
78,100,2040,地質科學系,理,18,7,1,2,9,2,33,12,18,9,NA,19,9,17,7,NA,173,173,15,2,22
79,100,2070,心理學系,理,3,1,13,0,8,8,26,12,99,12,12,39,18,150,12,12,291,278,45,3,12
80,100,2080,地理環境資源學系,理,21,12,2,1,8,0,37,14,28,8,8,31,16,26,10,10,168,168,20,2,14
81,100,2090,大氣科學系,理,22,6,2,1,7,3,24,5,18,5,5,20,10,11,4,5,146,142,16,3,15
82,100,3021,政治學系 政治理論組,社科,20,7,14,17,11,11,44,17,90,10,10,39,11,60,20,20,249,242,32,5,12
83,100,3022,政治學系 國際關係組,社科,7,1,23,13,11,11,33,14,169,20,20,35,18,210,40,40,292,284,33,6,11
84,100,3023,政治學系 公共行政組,社科,15,7,14,12,11,11,35,12,105,10,10,42,11,101,20,20,248,239,33,5,12
85,100,3030,經濟學系,社科,11,4,53,22,25,22,59,20,357,36,40,49,20,472,121,125,638,619,60,7,48
86,100,3050,社會學系,社科,13,5,10,0,9,7,29,9,119,72,NA,31,9,117,65,NA,215,211,32,4,6
87,100,3100,社會工作學系,社科,17,12,8,3,10,8,40,10,41,21,NA,36,14,57,27,NA,230,223,24,3,19
88,100,4010,醫學系,醫,3,1,6,0,2,2,20,8,0,0,NA,23,9,0,0,,909,906,95,0,20
89,100,4020,牙醫學系,醫,0,0,15,0,2,2,0,0,0,0,0,0,0,0,0,0,230,228,26,1,3
90,100,4030,藥學系,醫,3,1,31,0,12,11,3,0,0,0,0,5,4,0,0,0,248,246,40,5,10
91,100,4040,醫學檢驗暨生物技術學系,醫,5,1,14,0,6,6,3,1,0,0,0,4,0,0,0,0,143,141,27,3,8
92,100,4060,護理學系,醫,1,1,2,1,5,2,7,2,0,0,NA,5,3,0,0,--,153,147,28,2,10
93,100,4080,物理治療學系,醫,11,2,7,4,9,5,8,3,0,0,NA,5,3,0,0,--,137,133,21,5,12
94,100,4090,職能治療學系,醫,4,1,1,0,5,0,3,0,0,0,NA,2,0,0,0,--,132,131,23,2,13
95,100,5010,土木工程學系,工,29,19,5,10,22,4,50,11,24,7,10,37,16,20,8,10,446,434,31,6,63
96,100,5020,機械工程學系,工,27,4,26,0,20,18,39,9,68,5,5,48,23,34,10,10,685,674,45,7,88
97,100,5040,化學工程學系,工,9,2,12,0,15,4,15,3,34,5,6,15,9,26,8,10,524,513,38,6,71
98,100,5050,工程科學及海洋工程學系,工,11,6,1,9,9,3,14,2,21,5,5,11,6,14,9,10,220,217,14,2,29
99,100,5070,材料科學與工程學系,工,2,0,1,0,2,0,5,2,8,2,NA,12,6,8,2,NA,212,209,16,2,32
100,100,6010,農藝學系,生農,14,7,2,3,10,3,22,7,16,5,5,17,4,17,5,5,175,173,26,3,10
101,100,6020,生物環境系統工程學系,生農,4,3,0,4,10,1,14,7,15,5,5,14,7,14,3,10,204,197,21,3,22
102,100,6030,農業化學系,生農,4,4,8,11,10,10,9,2,0,0,0,11,7,0,0,0,189,188,35,3,6
103,100,6050,森林環境暨資源學系,生農,29,19,1,1,19,0,50,20,14,4,40,38,11,10,5,40,320,313,37,8,36
104,100,6060,動物科學技術學系,生農,17,7,0,3,5,2,8,1,19,5,5,10,4,0,0,--,163,159,27,5,8
105,100,6070,農業經濟學系,生農,23,11,5,7,11,8,40,8,58,5,5,30,11,37,10,10,206,203,26,5,17
106,100,6080,園藝暨景觀學系,生農,16,7,1,0,12,1,19,4,18,10,10,22,10,29,11,15,213,208,29,3,21
107,100,6090,獸醫學系,生農,3,1,21,0,5,5,4,1,0,0,NA,4,1,0,0,--,313,307,35,2,18
108,100,6100,生物產業傳播暨發展學系,生農,20,7,7,12,10,5,36,9,77,10,10,47,18,95,10,10,244,239,32,5,10
109,100,6110,生物產業機電工程學系,生農,18,11,3,6,10,2,19,5,4,1,5,15,7,11,4,5,193,191,21,2,18
110,100,6120,昆蟲學系,生農,25,15,0,0,8,0,26,12,5,2,5,21,12,3,2,5,125,116,25,2,8
111,100,6130,植物病理與微生物學系,生農,6,4,1,4,8,1,8,2,17,5,5,10,3,13,1,5,144,141,27,2,6
112,100,7011,工商管理學系 企業管理組,管,1,1,21,20,7,4,19,7,0,0,NA,31,13,0,0,--,300,288,28,3,28
113,100,7012,工商管理學系 科技管理組,管,1,0,5,4,3,3,14,4,0,0,NA,14,6,0,0,--,192,184,14,2,14
114,100,7020,會計學系,管,1,0,40,0,10,10,19,5,141,10,10,21,13,0,0,--,525,521,56,7,43
115,100,7030,財務金融學系,管,1,1,19,0,10,7,42,11,134,18,18,40,21,0,0,--,524,506,60,7,45
116,100,7040,國際企業學系,管,2,2,6,0,10,1,28,8,65,5,5,33,12,86,4,5,417,403,50,4,33
117,100,7050,資訊管理學系,管,4,1,1,0,1,0,13,5,17,1,1,10,3,0,0,0,219,211,13,1,35
118,100,8010,公共衛生學系,公衛,11,6,1,0,5,1,17,2,25,3,3,21,6,27,7,7,180,176,22,5,18
119,100,9010,電機工程學系,電資,4,2,61,0,20,20,38,17,50,5,5,43,20,32,5,5,877,856,66,12,82
120,100,9020,資訊工程學系,電資,7,1,12,0,5,5,17,3,62,5,5,25,12,64,4,4,511,501,32,4,69
121,100,A010,法律學系,法,0,0,0,0,--,0,0,0,0,0,NA,0,0,73,13,16,--,--,,,
122,100,A011,法律學系 法學組,法,3,2,4,9,5,2,23,12,40,2,5,21,14,0,0,--,275,270,44,2,4
123,100,A012,法律學系 司法組,法,4,3,9,7,5,1,19,5,39,2,5,23,10,0,0,--,250,249,44,2,4
124,100,A013,法律學系 財經法學組,法,0,0,13,6,5,4,19,7,44,2,5,30,15,0,0,--,253,250,44,2,4
125,100,B010,生命科學系,生科,6,1,13,0,10,10,18,5,54,9,10,20,7,70,10,10,326,315,39,11,20
126,100,B020,生化科技學系,生科,5,1,17,0,4,4,7,4,65,5,5,13,3,50,5,5,221,215,26,3,19
127,101,1010,中國文學系,文,9,6,3,0,11,0,25,10,81,19,NA,30,15,126,20,NA,271,264,24,6,20
128,101,1011,中文國際學士班,文,0,0,0,0,--,0,0,0,0,0,NA,0,0,0,0,NA,67,64,,,
129,101,1020,外國語文學系,文,10,5,23,1,5,5,48,16,121,5,5,77,31,0,0,--,568,550,51,10,42
130,101,102A,外國語文學系（文學組）,文,0,0,0,0,--,0,0,0,0,0,NA,0,0,92,10,10,--,,,,
131,101,102B,外國語文學系（語言組）,文,0,0,0,0,--,0,0,0,0,0,NA,0,0,157,5,5,--,,,,
132,101,1030,歷史學系,文,10,6,6,5,11,6,30,13,31,10,10,30,13,47,13,20,269,257,22,5,24
133,101,1040,哲學系,文,27,13,1,2,9,2,45,18,59,30,NA,41,11,78,44,NA,184,177,16,4,20
134,101,1050,人類學系,文,27,16,1,1,8,1,38,16,36,18,NA,34,14,51,26,NA,140,137,20,6,9
135,101,1060,圖書資訊學系,文,16,9,7,0,10,7,34,13,34,5,5,34,15,36,8,8,214,207,21,5,19
136,101,1070,日本語文學系,文,8,2,10,0,10,2,28,11,75,5,5,34,12,144,10,10,257,246,32,5,15
137,101,1090,戲劇學系,文,13,9,2,0,7,2,29,10,33,2,2,22,6,52,2,2,156,144,20,2,10
138,101,2010,數學系,理,10,4,3,0,5,1,20,6,59,30,30,18,9,71,40,50,242,235,23,5,22
139,101,2020,物理學系,理,1,0,20,0,12,7,12,7,85,6,10,11,7,70,4,10,309,302,22,4,32
140,101,2030,化學系,理,2,1,7,6,7,5,17,8,25,2,2,15,3,21,6,6,294,287,20,5,30
141,101,2040,地質科學系,理,15,8,1,2,9,0,32,9,11,4,NA,30,13,15,10,NA,176,173,15,2,22
142,101,2070,心理學系,理,4,1,23,0,13,13,26,10,113,12,12,27,9,153,12,12,268,264,41,6,12
143,101,2080,地理環境資源學系,理,15,6,4,1,8,3,42,12,27,8,8,32,17,33,10,10,169,164,18,3,14
144,101,2090,大氣科學系,理,15,8,1,0,7,0,26,11,21,5,5,20,8,10,5,5,140,138,16,3,16
145,101,3021,政治學系 政治理論組,社科,25,10,15,11,11,11,48,14,89,7,10,49,16,71,20,20,247,240,30,8,12
146,101,3022,政治學系 國際關係組,社科,3,1,32,19,11,11,36,17,175,20,20,35,16,184,33,40,299,293,30,9,11
147,101,3023,政治學系 公共行政組,社科,23,10,8,19,11,11,41,11,106,9,10,35,14,96,14,20,255,248,30,8,12
148,101,3030,經濟學系,社科,11,5,55,25,25,22,58,19,353,38,50,57,25,479,111,125,616,597,56,11,48
149,101,3050,社會學系,社科,13,6,9,0,9,5,38,12,145,94,NA,45,16,152,86,NA,219,218,28,4,10
150,101,3100,社會工作學系,社科,14,6,3,1,10,3,48,21,55,34,NA,55,24,41,18,NA,220,215,23,4,19
151,101,4010,醫學系,醫,2,1,7,0,2,1,21,8,0,0,NA,26,9,0,0,--,914,914,93,2,20
152,101,4020,牙醫學系,醫,1,1,17,0,2,2,3,1,0,0,NA,3,1,0,0,--,229,229,26,1,3
153,101,4030,藥學系,醫,2,1,26,0,12,10,7,2,0,0,NA,5,1,0,0,--,217,213,,,
154,101,4031,藥學系,醫,,,,,,,,,,,,,,,,,31,31,37,8,10
155,,4032,藥學系,醫,,,,,,,,,,,,,,,,,,,,,
156,101,4040,醫學檢驗暨生物技術學系,醫,4,1,4,0,6,1,5,2,0,0,NA,7,6,0,0,--,136,131,27,4,7
157,101,4060,護理學系,醫,5,3,2,0,5,1,9,2,0,0,NA,11,7,0,0,--,131,129,27,3,10
158,101,4080,物理治療學系,醫,7,5,3,2,9,2,8,3,0,0,NA,7,3,0,0,--,129,123,21,5,12
159,101,4090,職能治療學系,醫,9,2,3,0,6,3,5,1,0,0,NA,5,4,0,0,--,132,129,22,2,14
160,101,5010,土木工程學系,工,26,15,4,13,22,5,34,6,35,10,10,30,16,31,10,10,441,427,23,6,70
161,101,5020,機械工程學系,工,26,9,33,0,20,20,39,15,63,5,5,41,17,33,10,10,685,670,41,9,90
162,101,5040,化學工程學系,工,7,4,12,0,15,4,11,2,24,6,6,26,15,18,4,10,514,508,34,7,74
163,101,5050,工程科學及海洋工程學系,工,11,4,2,11,9,2,15,2,24,5,5,14,5,15,9,10,202,196,10,3,32
164,101,5070,材料科學與工程學系,工,6,2,1,0,2,0,11,2,9,0,NA,17,10,12,1,NA,211,208,9,4,37
165,101,6010,農藝學系,生農,7,2,1,1,9,1,14,3,24,5,5,21,9,21,5,5,170,170,20,5,10
166,101,6020,生物環境系統工程學系,生農,4,3,2,1,10,2,14,5,21,5,5,12,5,17,10,10,200,198,20,4,22
167,101,6030,農業化學系,生農,4,3,1,7,10,6,11,8,0,0,NA,13,9,0,0,--,187,186,29,4,11
168,101,6050,森林環境暨資源學系,生農,37,22,2,0,19,2,51,25,15,12,40,52,26,13,9,40,300,284,28,10,36
169,101,6060,動物科學技術學系,生農,13,7,1,1,5,1,7,3,13,5,5,6,1,0,0,--,157,149,25,6,8
170,101,6070,農業經濟學系,生農,32,12,3,6,11,4,51,17,43,5,5,29,13,35,10,10,199,196,26,5,17
171,101,6080,園藝暨景觀學系,生農,17,9,3,4,12,3,25,8,35,10,10,24,13,46,15,15,206,197,27,5,21
172,101,6090,獸醫學系,生農,0,0,24,0,13,10,6,3,0,0,NA,7,3,0,0,--,306,297,37,3,18
173,101,6100,生物產業傳播暨發展學系,生農,13,4,12,6,10,10,37,12,117,10,10,37,14,141,10,10,244,238,30,7,10
174,101,6110,生物產業機電工程學系,生農,17,7,1,2,9,3,14,4,15,5,5,12,4,18,5,5,194,191,18,4,18
175,101,6120,昆蟲學系,生農,9,7,0,0,8,0,11,2,8,5,5,14,7,5,3,5,121,118,24,3,8
176,101,6130,植物病理與微生物學系,生農,7,5,1,2,8,1,13,5,13,5,5,14,8,18,5,5,126,118,26,3,6
177,101,7011,工商管理學系 企業管理組,管,1,1,18,29,7,7,14,2,0,0,NA,14,6,0,0,--,312,290,30,3,31
178,101,7012,工商管理學系 科技管理組,管,3,1,7,11,3,3,14,6,0,0,NA,14,6,0,0,--,181,172,15,3,15
179,101,7020,會計學系,管,1,0,41,0,10,10,20,8,119,10,10,17,6,0,0,--,518,502,53,10,43
180,101,7030,財務金融學系,管,2,2,12,0,10,1,35,11,146,18,18,42,16,0,0,--,511,489,56,11,45
181,101,7040,國際企業學系,管,2,2,7,0,10,3,44,12,69,5,5,44,17,74,3,5,406,394,49,5,33
182,101,7050,資訊管理學系,管,7,3,6,0,5,1,11,5,28,5,5,19,9,0,0,0,209,205,11,3,35
183,101,8010,公共衛生學系,公衛,6,3,1,0,5,1,25,13,23,3,3,20,9,25,7,7,170,162,20,5,20
184,101,9010,電機工程學系,電資,5,1,47,0,20,20,36,20,42,5,5,48,30,37,4,5,847,828,46,22,89
185,101,9020,資訊工程學系,電資,11,3,8,0,5,2,30,11,71,5,5,32,10,92,4,4,522,511,25,8,72
186,101,A010,法律學系,法,0,0,0,0,--,0,0,0,0,0,NA,0,0,68,9,16,--,--,,,
187,101,A011,法律學系 法學組,法,2,1,4,18,5,3,26,11,56,0,5,20,13,0,0,--,264,262,41,6,4
188,101,A012,法律學系 司法組,法,1,1,12,5,5,5,10,4,52,4,5,14,4,0,0,--,244,240,41,6,4
189,101,A013,法律學系 財經法學組,法,1,1,13,4,5,5,22,9,51,4,5,22,10,0,0,--,252,244,41,6,4
190,101,B010,生命科學系,生科,14,2,8,0,10,6,32,11,48,10,10,34,16,51,9,10,310,302,32,11,25
191,101,B020,生化科技學系,生科,3,2,13,0,10,6,8,2,47,5,5,9,2,38,5,5,207,203,25,4,19
192,102,1010,中國文學系,文,8,2,8,0,11,6,29,9,71,20,20,32,14,100,20,NA,270,263,24,6,20
193,102,1011,中文國際學士班,文,0,0,0,0,--,0,1,1,0,0,NA,0,0,0,0,NA,57,58,,,
194,102,1020,外國語文學系,文,9,3,20,8,5,5,51,24,119,5,5,64,31,0,0,--,562,553,51,10,42
195,102,102A,外國語文學系（文學組）,文,0,0,0,0,--,0,0,0,0,0,NA,0,0,103,10,10,--,--,,,
196,102,102B,外國語文學系（語言組）,文,0,0,0,0,--,0,0,0,0,0,NA,0,0,176,5,5,--,--,,,
197,102,1030,歷史學系,文,11,3,4,1,11,4,39,12,31,10,10,34,15,37,11,20,264,253,22,5,24
198,102,1040,哲學系,文,20,10,3,4,9,2,40,17,64,34,NA,32,14,88,41,NA,178,171,16,4,20
199,102,1050,人類學系,文,23,10,0,2,8,0,37,10,39,13,NA,36,13,50,26,NA,145,142,20,6,9
200,102,1060,圖書資訊學系,文,28,15,4,0,10,4,40,20,40,5,5,35,11,35,8,8,201,195,21,5,19
201,102,1070,日本語文學系,文,3,1,10,0,10,3,31,10,89,5,5,35,15,130,10,10,257,245,32,5,15
202,102,1090,戲劇學系,文,14,10,4,5,7,1,35,17,27,2,2,28,14,56,2,2,153,149,20,2,10
203,102,2010,數學系,理,9,2,4,2,5,1,15,5,47,25,30,17,4,74,31,50,239,229,23,5,22
204,102,2020,物理學系,理,5,2,11,0,12,2,16,9,71,8,10,22,8,63,4,10,305,297,22,4,32
205,102,2030,化學系,理,10,3,9,7,7,5,19,4,16,2,2,24,10,25,6,6,291,285,18,5,32
206,102,2040,地質科學系,理,10,7,1,1,9,1,27,9,11,4,NA,24,8,12,5,NA,161,160,15,2,22
207,102,2070,心理學系,理,5,1,20,0,13,13,26,16,99,12,12,26,11,125,12,12,260,254,41,6,12
208,102,2080,地理環境資源學系,理,20,9,3,2,7,3,40,17,28,8,8,26,11,28,10,10,165,154,18,3,14
209,102,2090,大氣科學系,理,9,6,1,1,7,2,23,8,18,5,5,21,9,14,5,5,137,133,16,3,16
210,102,3021,政治學系 政治理論組,社科,29,14,13,12,11,9,39,11,67,10,10,32,13,57,19,20,247,239,30,8,12
211,102,3022,政治學系 國際關係組,社科,8,1,35,15,11,11,33,9,144,20,20,40,20,171,40,40,306,297,30,8,12
212,102,3023,政治學系 公共行政組,社科,25,10,9,10,11,9,38,16,73,10,10,41,14,72,11,20,244,232,30,8,12
213,102,3030,經濟學系,社科,12,3,44,24,24,23,56,15,310,47,50,41,23,459,108,125,606,589,56,11,48
214,102,3050,社會學系,社科,17,11,11,0,9,7,35,11,176,102,NA,34,14,135,69,NA,218,213,28,4,10
215,102,3100,社會工作學系,社科,15,10,7,3,10,5,34,15,55,29,NA,39,17,36,11,NA,222,218,23,4,19
216,102,4010,醫學系,醫,4,2,11,0,2,2,30,16,0,0,NA,22,7,0,0,--,931,932,80,2,33
217,102,4020,牙醫學系,醫,1,1,16,0,2,2,0,0,0,0,NA,1,0,0,0,--,229,231,26,1,3
218,102,4030,藥學系,醫,3,1,35,0,10,10,4,2,0,0,NA,4,2,0,0,--,187,182,,,
219,102,4031,藥學系,醫,,,,,,,,,,,,,,,,,53,52,30,8,12
220,102,4040,醫學檢驗暨生物技術學系,醫,7,1,5,0,6,4,3,1,0,0,NA,2,1,0,0,--,123,119,27,4,7
221,102,4060,護理學系,醫,8,6,2,1,5,3,11,4,0,0,NA,9,3,0,0,--,136,135,32,3,12
222,102,4080,物理治療學系,醫,2,0,6,5,9,5,4,3,0,0,NA,6,2,0,0,--,134,127,21,5,12
223,102,4090,職能治療學系,醫,13,6,4,0,6,4,6,2,0,0,NA,6,4,0,0,--,134,132,22,2,14
224,102,5010,土木工程學系,工,21,10,8,7,22,6,31,13,39,9,10,30,10,25,10,10,434,424,21,8,70
225,102,5020,機械工程學系,工,28,11,23,0,20,15,35,17,59,5,5,36,13,39,10,10,671,654,28,14,98
226,102,5040,化學工程學系,工,10,5,11,0,15,4,16,6,23,6,6,16,7,21,5,10,512,503,34,8,73
227,102,5050,工程科學及海洋工程學系,工,15,7,2,10,9,6,17,3,18,5,5,18,7,15,10,10,200,198,10,3,32
228,102,5070,材料科學與工程學系,工,5,3,0,0,2,0,8,2,14,2,NA,13,8,8,1,NA,218,213,9,4,37
229,102,6010,農藝學系,生農,4,1,1,3,9,1,13,6,19,5,5,12,7,20,5,5,174,169,15,5,15
230,102,6020,生物環境系統工程學系,生農,4,3,1,1,10,1,13,5,12,5,5,10,3,11,5,10,198,191,20,4,22
231,102,6030,農業化學系,生農,4,3,3,5,10,5,9,1,0,0,NA,12,7,0,0,--,182,178,29,4,11
232,102,6050,森林環境暨資源學系,生農,27,18,2,0,18,2,41,14,23,10,40,42,18,24,14,40,291,285,28,10,36
233,102,6060,動物科學技術學系,生農,14,7,1,2,9,2,11,2,21,5,5,21,10,0,0,--,156,145,25,6,8
234,102,6070,農業經濟學系,生農,25,10,2,10,11,4,39,9,52,5,5,26,9,40,10,10,186,182,26,5,17
235,102,6080,園藝暨景觀學系,生農,17,9,7,3,12,7,22,6,53,10,10,24,13,54,15,15,204,203,27,5,21
236,102,6090,獸醫學系,生農,1,1,22,0,13,8,9,3,0,0,NA,4,3,0,0,--,296,294,37,3,18
237,102,6100,生物產業傳播暨發展學系,生農,11,5,11,8,10,8,24,3,71,10,10,22,9,71,9,10,245,236,32,5,10
238,102,6110,生物產業機電工程學系,生農,15,10,5,6,9,5,11,3,13,4,5,9,5,13,5,5,176,175,18,4,18
239,102,6120,昆蟲學系,生農,15,8,0,0,8,0,26,14,10,5,5,18,5,2,0,5,115,113,24,3,8
240,102,6130,植物病理與微生物學系,生農,9,6,0,1,8,0,15,5,23,5,5,10,6,30,5,5,115,111,26,3,6
241,102,7011,工商管理學系 企業管理組,管,3,2,30,23,7,6,22,8,0,0,NA,20,9,0,0,--,305,292,30,3,31
242,102,7012,工商管理學系 科技管理組,管,4,1,5,12,3,2,14,6,0,0,NA,12,2,0,0,--,150,144,15,3,15
243,102,7020,會計學系,管,0,0,36,0,10,10,13,6,140,10,10,23,6,0,0,--,510,504,53,10,43
244,102,7030,財務金融學系,管,1,1,17,0,10,5,36,15,130,18,18,38,17,0,0,--,500,484,56,11,45
245,102,7040,國際企業學系,管,1,0,10,0,10,4,38,14,63,5,5,50,23,73,4,5,407,391,49,5,33
246,102,7050,資訊管理學系,管,0,0,5,0,5,2,9,2,25,5,5,4,0,0,0,0,206,200,11,3,35
247,102,8010,公共衛生學系,公衛,10,2,1,1,5,1,12,5,11,3,3,15,6,14,7,7,158,151,20,5,20
248,102,9010,電機工程學系,電資,5,2,56,0,20,20,46,28,46,4,5,52,32,36,5,5,815,792,46,18,93
249,102,9020,資訊工程學系,電資,7,5,12,0,5,5,27,19,94,5,5,28,11,90,4,4,511,485,25,8,72
250,102,A010,法律學系,法,0,0,0,0,--,0,0,0,0,0,NA,0,0,50,3,16,--,--,,,
251,102,A011,法律學系 法學組,法,2,1,1,14,5,3,17,9,37,1,5,18,9,0,0,--,261,257,41,6,4
252,102,A012,法律學系 司法組,法,1,0,7,7,5,3,12,5,38,3,5,18,10,0,0,--,244,245,41,6,4
253,102,A013,法律學系 財經法學組,法,1,1,18,4,5,5,21,8,46,5,5,21,11,0,0,--,253,252,41,6,4
254,102,B010,生命科學系,生科,19,8,0,0,10,0,25,7,36,10,10,31,15,38,10,10,275,263,36,10,20
255,102,B020,生化科技學系,生科,2,1,12,0,10,5,7,3,30,4,5,10,4,30,2,5,192,191,25,4,19
256,103,1010,中國文學系,文,14,5,4,0,11,2,28,7,79,20,20,33,12,97,20,NA,266,262,24,6,20
257,103,1011,中文國際學士班,文,0,0,1,0,--,0,3,0,0,0,NA,4,2,0,0,NA,59,56,,,
258,103,1020,外國語文學系,文,6,2,20,5,5,5,42,17,95,5,5,56,15,0,0,15,571,553,51,10,47
259,103,102A,外國語文學系（文學組）,文,0,0,0,0,--,0,0,0,0,0,NA,0,0,83,10,10,--,--,,,
260,103,102B,外國語文學系（語言組）,文,0,0,0,0,--,0,0,0,0,0,NA,0,0,131,5,5,--,--,,,
261,103,1030,歷史學系,文,11,7,4,2,11,6,44,20,37,10,10,44,23,34,4,20,262,260,22,5,24
262,103,1040,哲學系,文,25,11,1,4,9,2,39,8,58,31,NA,33,11,82,45,NA,174,162,16,4,20
263,103,1050,人類學系,文,21,12,0,0,8,0,40,18,50,30,NA,31,9,46,22,NA,148,145,20,6,9
264,103,1060,圖書資訊學系,文,17,7,3,0,10,1,38,11,45,5,5,38,16,50,8,8,201,195,21,5,19
265,103,1070,日本語文學系,文,3,1,9,0,11,3,32,11,91,5,5,34,12,137,10,10,249,245,32,5,15
266,103,1090,戲劇學系,文,5,2,7,1,7,4,20,8,29,2,2,16,9,52,2,2,170,159,20,2,10
267,103,2010,數學系,理,8,1,6,3,5,2,14,3,66,28,30,15,6,68,33,50,238,223,20,7,23
268,103,2020,物理學系,理,3,3,27,0,12,11,23,9,79,8,10,25,13,73,10,10,301,291,20,4,32
269,103,2030,化學系,理,6,4,15,12,7,7,17,5,19,2,2,18,10,20,4,6,292,290,18,5,32
270,103,2040,地質科學系,理,17,6,1,2,9,2,35,12,19,9,NA,28,14,16,6,NA,166,163,15,2,22
271,103,2070,心理學系,理,8,3,18,0,13,13,22,8,98,12,12,27,12,129,12,12,266,259,41,6,12
272,103,2080,地理環境資源學系,理,17,13,1,0,7,1,33,11,33,8,8,21,9,37,10,10,155,145,18,3,14
273,103,2090,大氣科學系,理,13,6,0,3,7,1,21,10,23,5,5,19,9,19,5,5,138,135,16,3,16
274,103,3021,政治學系 政治理論組,社科,21,10,16,10,11,11,32,11,99,10,10,35,16,72,12,20,247,233,30,8,12
275,103,3022,政治學系 國際關係組,社科,9,4,28,16,11,11,38,17,143,20,20,38,22,156,40,40,301,287,30,8,12
276,103,3023,政治學系 公共行政組,社科,24,12,10,15,11,11,37,12,102,10,10,35,16,84,6,20,241,234,30,8,12
277,103,3030,經濟學系,社科,12,9,44,29,24,18,52,18,296,50,50,46,17,431,122,125,596,579,56,11,48
278,103,3050,社會學系,社科,20,13,10,0,9,5,54,24,98,17,NA,40,16,82,32,NA,206,202,28,4,10
279,103,3100,社會工作學系,社科,21,13,3,1,10,3,38,20,81,57,NA,40,19,55,17,NA,227,221,23,4,19
280,103,4010,醫學系,醫,2,0,4,0,2,2,13,9,0,0,NA,17,8,0,0,--,947,936,78,4,33
281,103,4020,牙醫學系,醫,1,0,10,0,1,0,6,3,0,0,NA,4,4,0,0,--,228,226,24,1,5
282,103,4030,藥學系,醫,4,0,47,0,8,8,2,1,0,0,NA,1,0,0,0,--,181,180,,,
283,103,4031,藥學系,醫,,,,,,,,,,,,,,,,,71,71,20,10,15
284,103,4040,醫學檢驗暨生物技術學系,醫,3,3,4,0,6,4,3,1,0,0,NA,4,1,0,0,--,109,106,27,4,7
285,103,4060,護理學系,醫,10,4,3,1,5,2,11,2,0,0,NA,10,2,0,0,--,142,134,32,3,12
286,103,4080,物理治療學系,醫,5,1,2,6,9,4,5,1,0,0,NA,5,4,0,0,--,138,129,18,5,15
287,103,4090,職能治療學系,醫,6,1,4,0,6,4,7,4,0,0,NA,4,2,0,0,--,136,135,22,2,14
288,103,5010,土木工程學系,工,24,14,6,8,22,8,40,10,49,10,10,31,15,37,8,10,424,416,21,8,70
289,103,5020,機械工程學系,工,22,13,29,0,20,20,43,15,56,5,5,40,14,31,10,10,667,651,26,14,100
290,103,5040,化學工程學系,工,10,5,9,0,15,2,19,6,23,6,6,24,11,22,8,10,488,479,34,8,73
291,103,5050,工程科學及海洋工程學系,工,18,8,0,6,9,0,25,7,19,5,5,19,9,17,8,10,193,187,10,3,32
292,103,5070,材料科學與工程學系,工,3,2,2,0,2,1,4,2,7,1,NA,6,2,8,2,NA,215,212,9,1,40
293,103,6010,農藝學系,生農,4,2,1,0,9,1,13,6,16,5,5,8,4,18,5,5,161,153,15,5,15
294,103,6020,生物環境系統工程學系,生農,4,3,2,2,10,4,26,16,18,5,5,19,8,15,5,10,199,190,20,4,22
295,103,6030,農業化學系,生農,9,7,0,9,10,1,15,7,0,0,NA,16,7,0,0,--,177,171,29,4,11
296,103,6050,森林環境暨資源學系,生農,27,17,1,1,18,1,32,13,24,13,40,29,16,23,15,40,288,282,28,10,36
297,103,6060,動物科學技術學系,生農,10,4,3,1,9,2,5,0,21,5,5,10,8,0,0,--,147,144,25,6,8
298,103,6070,農業經濟學系,生農,31,14,2,4,11,2,44,4,46,5,5,28,7,27,10,10,180,175,26,5,17
299,103,6080,園藝暨景觀學系,生農,17,8,6,4,12,6,30,9,43,10,10,22,8,52,15,15,224,217,23,5,25
300,103,6090,獸醫學系,生農,2,1,22,0,13,9,5,1,0,0,NA,2,0,0,0,--,310,303,28,4,26
301,103,6100,生物產業傳播暨發展學系,生農,7,4,14,14,10,10,21,9,77,10,10,25,11,74,10,10,241,242,27,5,15
302,103,6110,生物產業機電工程學系,生農,15,9,0,2,9,0,10,3,12,5,5,9,2,9,4,5,174,169,20,4,16
303,103,6120,昆蟲學系,生農,9,3,1,1,8,1,13,8,6,4,5,6,2,3,0,5,121,115,24,3,8
304,103,6130,植物病理與微生物學系,生農,7,4,1,3,8,1,13,0,24,5,5,12,7,15,4,5,119,114,24,3,8
305,103,7011,工商管理學系 企業管理組,管,2,1,20,18,7,5,26,14,0,0,NA,27,9,0,0,--,306,288,25,3,25
306,103,7012,工商管理學系 科技管理組,管,3,1,2,8,3,2,9,0,0,0,NA,8,3,0,0,--,145,136,20,3,21
307,103,7020,會計學系,管,4,1,33,0,15,14,11,3,113,10,10,13,6,0,0,--,515,503,53,10,43
308,103,7030,財務金融學系,管,1,0,18,0,10,9,28,8,103,20,20,30,14,0,0,--,511,497,56,11,45
309,103,7040,國際企業學系,管,2,1,6,0,10,1,23,10,51,3,5,23,6,49,3,5,402,384,42,5,40
310,103,7050,資訊管理學系,管,3,3,7,0,5,2,7,3,21,4,5,6,2,0,0,0,202,198,11,3,35
311,103,8010,公共衛生學系,公衛,12,6,0,1,5,0,20,7,25,3,3,20,13,22,7,7,143,141,20,5,20
312,103,9010,電機工程學系,電資,4,1,35,0,20,20,38,19,36,5,5,51,26,29,4,5,804,790,46,18,93
313,103,9020,資訊工程學系,電資,5,1,14,0,5,5,18,10,103,6,6,19,12,111,6,6,500,484,25,8,72
314,103,A010,法律學系,法,0,0,0,0,--,0,0,0,0,0,NA,0,0,57,5,16,--,--,,,
315,103,A011,法律學系 法學組,法,1,0,9,14,5,5,19,8,42,3,5,17,5,0,0,--,267,263,30,6,15
316,103,A012,法律學系 司法組,法,1,0,12,17,5,5,22,13,41,2,5,25,13,0,0,--,258,252,30,6,15
317,103,A013,法律學系 財經法學組,法,2,0,16,3,5,5,28,8,41,1,5,25,16,0,0,--,251,249,30,6,15
318,103,B010,生命科學系,生科,12,5,1,0,10,1,22,5,35,8,10,21,8,36,10,10,253,247,34,8,18
319,103,B020,生化科技學系,生科,4,2,13,0,10,7,13,3,37,5,5,13,6,30,5,5,194,189,25,4,19
320,104,1010,中國文學系,文,14,6,7,0,9,5,34,10,73,20,NA,34,14,89,20,NA,259,256,24,6,20
321,104,1011,中文國際學士班,文,0,0,1,0,3,0,0,0,0,0,NA,1,0,0,0,NA,54,54,,,
322,104,1020,外國語文學系,文,8,4,19,6,5,5,49,22,67,5,5,63,36,0,0,15,577,561,51,10,47
323,104,102A,外國語文學系（文學組）,文,0,0,0,0,--,0,0,0,0,0,--,0,0,64,10,10,--,--,,,
324,104,102B,外國語文學系（語言組）,文,0,0,0,0,--,0,0,0,0,0,--,0,0,105,5,5,--,--,,,
325,104,1030,歷史學系,文,13,5,3,0,11,2,48,22,34,10,10,45,25,40,12,20,267,258,22,5,24
326,104,1040,哲學系,文,16,7,0,1,9,0,41,12,52,29,NA,37,20,86,50,NA,170,170,16,4,20
327,104,1050,人類學系,文,16,13,0,4,8,0,30,14,41,25,NA,20,12,57,30,NA,144,136,20,6,9
328,104,1060,圖書資訊學系,文,19,8,5,0,10,4,37,8,50,5,5,30,10,43,8,8,203,198,21,5,19
329,104,1070,日本語文學系,文,3,0,9,0,10,4,25,9,71,5,5,25,8,93,10,10,268,263,32,5,15
330,104,1090,戲劇學系,文,7,5,8,2,7,3,21,9,31,3,3,17,7,53,2,2,174,170,20,2,10
331,104,2010,數學系,理,8,3,2,4,9,1,10,3,51,16,30,15,5,70,26,50,231,213,15,5,24
332,104,2020,物理學系,理,4,2,22,0,12,8,24,8,71,7,10,23,7,62,4,10,290,281,20,4,32
333,104,2030,化學系,理,3,2,8,6,7,7,11,4,19,2,2,10,4,19,6,6,300,300,18,5,32
334,104,2040,地質科學系,理,16,10,0,3,9,1,30,8,17,12,NA,24,9,19,10,NA,161,157,15,2,22
335,104,2070,心理學系,理,4,3,16,0,13,13,16,8,120,12,12,21,11,125,12,12,266,252,44,7,13
336,104,2080,地理環境資源學系,理,19,8,6,1,7,6,30,7,37,8,8,25,7,47,10,10,159,156,18,3,14
337,104,2090,大氣科學系,理,14,5,2,2,7,2,28,3,17,5,5,22,9,16,5,5,147,141,16,3,16
338,104,3021,政治學系 政治理論組,社科,31,13,17,12,11,11,42,13,83,10,10,43,19,76,16,20,236,226,30,8,12
339,104,3022,政治學系 國際關係組,社科,8,4,33,14,11,11,31,13,133,20,20,35,14,130,38,40,312,294,30,8,12
340,104,3023,政治學系 公共行政組,社科,30,15,8,9,11,11,46,23,68,10,10,39,14,67,13,20,237,232,30,8,12
341,104,3030,經濟學系,社科,7,5,56,28,24,23,54,22,290,50,50,39,25,375,92,125,592,571,56,11,48
342,104,3050,社會學系,社科,16,8,8,0,9,5,28,14,80,35,NA,23,9,82,39,NA,203,193,28,4,10
343,104,3100,社會工作學系,社科,26,15,3,3,10,2,46,18,48,35,NA,45,12,45,14,NA,215,207,23,4,19
344,104,4010,醫學系,醫,0,0,6,0,2,1,24,12,0,0,--,19,8,0,0,,953,949,75,5,35
345,104,4020,牙醫學系,醫,1,0,10,0,1,1,3,1,0,0,0,2,0,0,0,0,223,223,21,1,8
346,104,4030,藥學系,醫,3,1,16,0,8,8,3,0,0,0,0,4,2,0,0,0,178,173,,,
347,104,4031,藥學系,醫,,,,,,,,,,,,,,,,,76,76,20,10,15
348,104,4040,醫學檢驗暨生物技術學系,醫,5,3,6,0,6,5,4,0,0,0,0,1,0,0,0,0,101,99,27,4,7
349,104,4060,護理學系,醫,11,6,1,1,5,1,11,3,0,0,--,11,5,0,0,--,151,145,32,3,12
350,104,4080,物理治療學系,醫,3,1,7,7,9,5,4,2,0,0,0,7,3,0,0,--,150,145,16,5,17
351,104,4090,職能治療學系,醫,2,2,3,0,6,2,6,2,0,0,--,4,2,0,0,--,135,130,22,2,14
352,104,5010,土木工程學系,工,16,7,4,8,22,5,28,12,45,10,10,31,16,51,10,10,437,434,21,8,70
353,104,5020,機械工程學系,工,19,5,29,0,20,20,27,12,54,4,5,28,9,41,10,10,678,664,25,14,101
354,104,5040,化學工程學系,工,8,3,10,0,15,4,13,6,24,6,6,17,10,18,4,10,500,487,25,9,81
355,104,5050,工程科學及海洋工程學系,工,14,10,4,5,9,4,14,5,28,5,5,8,2,21,7,10,180,174,10,3,32
356,104,5070,材料科學與工程學系,工,3,0,1,0,2,0,11,3,17,2,NA。,12,5,20,2,NA,221,210,9,4,37
357,104,6010,農藝學系,生農,7,5,0,0,9,0,10,4,17,5,5,12,7,31,5,5,162,157,15,5,15
358,104,6020,生物環境系統工程學系,生農,4,0,1,2,10,2,34,10,17,5,5,31,10,19,6,10,210,206,20,4,22
359,104,6030,農業化學系,生農,6,4,3,3,10,3,17,7,0,0,0,18,10,0,0,0,180,177,25,4,15
360,104,6050,森林環境暨資源學系,生農,19,13,0,3,18,0,38,12,33,19,40,27,13,23,15,40,288,276,28,10,36
361,104,6060,動物科學技術學系,生農,12,8,0,1,9,0,15,3,17,5,5,13,7,0,0,--,131,123,25,6,8
362,104,6070,農業經濟學系,生農,26,16,0,2,11,0,27,6,38,5,5,20,14,29,10,10,181,173,26,5,17
363,104,6080,園藝暨景觀學系,生農,13,12,4,5,12,5,24,9,63,10,10,21,12,57,15,15,235,228,23,5,25
364,104,6090,獸醫學系,生農,4,1,27,0,13,13,4,0,0,0,--,5,1,0,0,--,319,316,28,4,26
365,104,6100,生物產業傳播暨發展學系,生農,5,2,11,6,10,8,24,7,76,10,10,28,15,75,10,10,250,239,27,5,15
366,104,6110,生物產業機電工程學系,生農,22,11,4,4,9,5,16,4,7,1,5,15,4,16,5,5,167,160,22,4,14
367,104,6120,昆蟲學系,生農,8,4,0,0,8,0,22,5,1,1,5,17,5,3,1,5,121,116,22,3,10
368,104,6130,植物病理與微生物學系,生農,7,4,1,1,8,1,15,7,16,5,5,12,5,14,5,5,127,126,24,3,8
369,104,7011,工商管理學系 企業管理組,管,0,0,16,12,7,3,16,2,0,0,--,24,10,0,0,--,282,272,25,3,25
370,104,7012,工商管理學系 科技管理組,管,6,5,1,3,3,1,14,4,0,0,--,17,9,0,0,--,134,132,20,3,21
371,104,7020,會計學系,管,3,2,32,0,15,14,22,5,92,10,10,22,6,0,0,--,515,505,53,10,43
372,104,7030,財務金融學系,管,3,2,15,0,10,9,27,11,87,20,20,31,13,0,0,--,517,498,60,7,45
373,104,7040,國際企業學系,管,3,1,3,0,10,0,28,11,40,3,10,23,8,51,1,10,402,384,37,5,45
374,104,7050,資訊管理學系,管,3,1,5,0,5,4,11,3,22,5,5,12,3,0,0,0,206,205,11,3,35
375,104,8010,公共衛生學系,公衛,12,9,2,3,5,3,21,9,21,3,3,16,7,23,7,7,143,142,20,5,20
376,104,9010,電機工程學系,電資,2,0,31,0,20,14,36,22,30,5,5,32,15,39,5,5,793,774,46,18,93
377,104,9020,資訊工程學系,電資,4,2,20,0,5,5,19,12,123,6,6,14,9,129,6,6,511,488,25,8,72
378,104,A010,法律學系,法,0,0,0,0,--,0,0,0,0,0,--,0,0,49,0,20,--,--,,,
379,104,A011,法律學系 法學組,法,1,1,5,19,11,1,14,6,68,7,15,19,15,0,0,--,267,263,30,6,15
380,104,A012,法律學系 司法組,法,0,0,16,14,11,6,14,8,69,3,15,21,10,0,0,--,266,261,30,6,15
381,104,A013,法律學系 財經法學組,法,0,0,13,5,11,7,24,13,58,9,15,26,8,0,0,--,268,261,30,6,15
382,104,B010,生命科學系,生科,17,10,3,0,10,0,31,11,45,10,10,27,15,43,10,10,221,216,34,8,18
383,104,B020,生化科技學系,生科,4,2,15,0,10,10,9,1,47,2,5,6,1,27,5,5,188,184,25,4,19
384,105,1010,中國文學系,文,13,4,7,0,12,7,32,13,71,20,NA,37,16,74,17,NA,273,268,24,6,20
385,105,1011,中文國際學士班,文,0,0,3,0,3,3,0,0,0,0,NA,0,0,0,0,NA,61,58,,,
386,105,1020,外國語文學系,文,10,7,17,5,5,5,44,15,77,5,5,55,27,0,0,15,550,535,50,10,47
387,105,102A,外國語文學系（文學組）,文,0,0,0,0,--,0,0,0,0,0,--,0,0,59,10,10,--,,,,
388,105,102B,外國語文學系（語言組）,文,0,0,0,0,--,0,0,0,0,0,--,0,0,94,5,5,--,,,,
389,105,1030,歷史學系,文,28,16,7,2,11,7,51,22,45,10,10,36,11,37,14,20,258,253,21,5,24
390,105,1040,哲學系,文,24,13,2,5,9,4,38,10,64,30,NA,29,10,73,38,NA,181,171,16,4,20
391,105,1050,人類學系,文,14,10,0,0,8,0,27,13,30,17,NA,18,10,34,20,NA,153,147,20,6,9
392,105,1060,圖書資訊學系,文,16,11,3,0,10,2,33,15,35,18,30,32,12,37,8,30,206,203,21,5,19
393,105,1070,日本語文學系,文,15,4,6,0,11,2,41,7,64,5,5,37,19,92,10,10,262,245,32,5,15
394,105,1090,戲劇學系,文,5,2,7,2,7,5,21,10,37,3,3,15,6,45,2,2,187,180,20,2,10
395,105,2010,數學系,理,1,1,3,2,9,1,15,0,42,23,30,14,3,51,30,50,215,207,15,5,20
396,105,2020,物理學系,理,3,0,23,0,12,8,21,7,65,10,10,24,10,56,7,10,282,277,20,4,32
397,105,2030,化學系,理,4,3,12,8,7,7,18,8,19,3,3,20,6,21,6,6,295,286,18,5,32
398,105,2040,地質科學系,理,21,12,0,2,9,0,30,13,17,11,NA,23,11,14,3,NA,166,160,15,2,22
399,105,2070,心理學系,理,4,3,29,0,14,14,16,8,84,12,12,20,10,101,12,12,279,264,43,7,13
400,105,2080,地理環境資源學系,理,20,8,5,0,7,5,30,9,32,8,8,29,8,32,10,10,168,158,17,3,14
401,105,2090,大氣科學系,理,12,5,4,3,7,6,18,9,22,5,5,17,11,11,5,5,143,140,16,3,16
402,105,3021,政治學系 政治理論組,社科,33,14,12,15,11,11,48,18,68,10,10,40,18,53,9,20,233,226,30,8,12
403,105,3022,政治學系 國際關係組,社科,9,7,27,15,11,11,38,15,126,20,20,30,9,139,33,40,303,291,30,8,12
404,105,3023,政治學系 公共行政組,社科,32,22,8,9,11,10,35,12,69,10,10,27,14,60,6,20,225,219,30,8,12
405,105,3030,經濟學系,社科,6,2,74,28,24,24,50,18,303,50,50,42,24,391,93,125,580,559,56,11,48
406,105,3050,社會學系,社科,18,6,7,0,9,6,32,13,78,37,NA,25,8,72,30,NA,200,200,27,4,10
407,105,3100,社會工作學系,社科,32,18,3,2,10,2,40,8,26,5,NA,33,13,37,25,NA,206,197,22,4,19
408,105,4010,醫學系,醫,1,1,8,0,2,0,18,11,0,0,--,28,13,0,0,,978,976,69,5,40
409,105,4020,牙醫學系,醫,0,0,6,0,1,1,1,1,0,0,0,1,1,0,0,0,222,219,21,1,8
410,105,4030,藥學系,醫,3,0,16,0,8,8,5,1,0,0,0,3,1,0,0,0,179,171,,,
411,105,4031,藥學系,醫,,,,,,,,,,,,,,,,,69,64,19,10,15
412,105,4040,醫學檢驗暨生物技術學系,醫,7,1,10,10,6,6,5,2,0,0,0,6,5,0,0,0,115,108,21,4,12
413,105,4060,護理學系,醫,10,4,1,2,5,1,13,3,0,0,--,10,3,0,0,--,157,156,28,3,16
414,105,4080,物理治療學系,醫,4,0,12,0,9,6,3,1,0,0,0,3,3,0,0,,160,153,16,5,17
415,105,4090,職能治療學系,醫,3,2,6,0,8,6,4,1,0,0,--,5,1,0,0,--,138,132,22,2,14
416,105,5010,土木工程學系,工,13,5,12,10,22,12,25,6,52,9,10,24,11,42,9,10,456,441,22,8,69
417,105,5020,機械工程學系,工,22,9,17,0,20,10,33,13,55,5,5,32,12,29,9,10,675,651,27,16,97
418,105,5040,化學工程學系,工,13,5,6,0,15,2,19,4,18,6,6,23,14,16,5,10,488,472,26,9,80
419,105,5050,工程科學及海洋工程學系,工,17,9,5,6,9,6,23,4,31,5,5,16,5,19,10,10,185,183,10,3,32
420,105,5070,材料科學與工程學系,工,10,7,0,0,2,0,12,3,6,1,NA。,12,1,5,2,NA,215,207,9,3,37
421,105,6010,農藝學系,生農,14,9,1,0,8,0,18,7,25,5,5,16,10,16,5,5,162,159,15,5,15
422,105,6020,生物環境系統工程學系,生農,8,2,0,3,10,0,32,14,10,5,5,28,15,7,3,10,207,200,20,4,22
423,105,6030,農業化學系,生農,10,7,1,2,10,3,12,5,0,0,0,13,5,0,0,0,170,166,24,4,15
424,105,6050,森林環境暨資源學系,生農,33,20,1,1,18,1,47,27,38,22,40,35,11,31,12,40,276,266,27,10,36
425,105,6060,動物科學技術學系,生農,13,6,0,1,9,1,17,2,24,5,5,9,3,0,0,,120,119,21,6,12
426,105,6070,農業經濟學系,生農,30,12,6,5,11,6,38,9,36,5,5,22,7,20,10,10,176,168,22,5,20
427,105,6080,園藝暨景觀學系,生農,14,11,6,4,12,6,30,12,39,10,10,19,7,46,15,15,225,216,23,5,25
428,105,6090,獸醫學系,生農,1,1,34,0,13,13,7,0,0,0,--,6,0,0,0,--,329,329,26,6,26
429,105,6100,生物產業傳播暨發展學系,生農,6,2,18,11,10,8,29,13,83,10,10,32,18,74,10,10,257,245,27,5,15
430,105,6110,生物產業機電工程學系,生農,15,10,6,6,9,5,13,2,10,1,5,13,5,14,2,5,167,160,22,4,14
431,105,6120,昆蟲學系,生農,9,9,0,0,8,0,14,3,6,1,5,8,3,6,1,5,118,111,22,3,10
432,105,6130,植物病理與微生物學系,生農,9,5,0,1,8,1,15,8,13,5,5,12,6,17,5,5,132,124,24,3,8
433,105,7011,工商管理學系 企業管理組,管,1,0,13,19,7,4,14,2,0,0,--,14,6,0,0,,268,262,25,3,25
434,105,7012,工商管理學系 科技管理組,管,8,1,2,4,3,2,15,6,0,0,--,14,5,0,0,,146,139,20,3,21
435,105,7020,會計學系,管,3,2,40,0,15,15,23,4,90,10,10,19,5,0,0,--,512,500,53,10,43
436,105,7030,財務金融學系,管,2,2,13,0,10,9,40,20,97,20,20,38,11,0,0,--,517,501,59,7,45
437,105,7040,國際企業學系,管,0,0,3,0,10,1,27,10,48,6,10,33,15,51,3,10,386,373,36,5,45
438,105,7050,資訊管理學系,管,9,6,10,0,5,4,22,8,34,5,5,18,5,0,0,0,207,204,12,3,34
439,105,8010,公共衛生學系,公衛,9,3,2,2,5,1,11,1,34,3,3,13,4,45,12,12,149,147,14,7,23
440,105,9010,電機工程學系,電資,2,1,44,0,20,20,30,16,46,5,5,37,16,35,5,5,784,758,45,18,93
441,105,9020,資訊工程學系,電資,4,3,22,0,5,5,22,14,139,6,6,27,17,160,6,6,520,507,24,8,72
442,105,A010,法律學系,法,0,0,0,0,--,0,0,0,0,0,--,0,0,56,0,20,--,,,,
443,105,A011,法律學系 法學組,法,0,0,8,22,11,3,25,10,82,6,15,22,14,0,0,--,262,261,30,6,15
444,105,A012,法律學系 司法組,法,3,1,19,17,11,9,15,4,76,8,15,18,6,0,0,--,269,265,29,6,15
445,105,A013,法律學系 財經法學組,法,0,0,20,7,11,7,21,7,73,10,15,16,5,0,0,--,275,271,30,6,15
446,105,B010,生命科學系,生科,16,7,1,0,10,1,14,3,32,10,10,14,3,31,10,10,209,198,34,8,18
447,105,B020,生化科技學系,生科,2,0,16,0,10,8,4,1,43,5,5,8,4,35,5,5,193,185,24,4,19
448,106,1010,中國文學系,文,17,9,9,0,9,6,39,14,57,20,NA,41,19,73,12,NA,268,264,22,6,20
449,106,1011,中文國際學士班,文,0,0,1,0,3,0,1,0,0,0,NA,1,0,0,0,NA,68,68,,,
450,106,1020,外國語文學系,文,10,7,10,8,5,5,63,21,63,5,5,54,20,0,0,15,544,528,50,10,47
451,106,102A,外國語文學系（文學組）,文,0,0,0,0,--,0,0,0,0,0,--,0,0,50,10,10,,,,,
452,106,102B,外國語文學系（語言組）,文,0,0,0,0,--,0,0,0,0,0,--,0,0,75,5,5,,,,,
453,106,1030,歷史學系,文,18,8,9,3,11,9,36,11,48,10,10,27,13,45,20,20,264,254,21,5,24
454,106,1040,哲學系,文,19,12,5,5,9,8,40,19,59,36,NA,35,7,75,36,NA,186,176,16,4,20
455,106,1050,人類學系,文,19,12,1,1,8,1,37,16,30,19,NA,32,18,35,15,NA,158,154,17,6,12
456,106,1060,圖書資訊學系,文,19,11,1,0,10,1,36,13,35,21,30,36,17,35,9,30,210,199,20,5,19
457,106,1070,日本語文學系,文,18,8,8,0,11,3,34,12,67,5,5,38,17,83,10,10,266,262,31,5,15
458,106,1090,戲劇學系,文,7,3,3,0,7,2,18,6,28,3,3,15,7,40,2,2,189,178,20,2,10
459,106,2010,數學系,理,3,0,2,2,8,2,9,1,35,23,30,7,0,43,28,50,222,217,13,5,22
460,106,2020,物理學系,理,5,4,18,0,12,12,22,7,74,7,10,20,6,72,7,10,278,267,11,4,35
461,106,2030,化學系,理,8,4,13,7,7,7,20,6,24,3,3,18,9,22,5,6,290,281,17,5,32
462,106,2040,地質科學系,理,15,11,2,3,9,2,31,7,17,7,NA,27,13,14,9,NA,167,165,15,2,22
463,106,2070,心理學系,理,5,5,23,0,13,13,19,6,110,12,12,18,11,137,12,12,290,279,43,7,13
464,106,2080,地理環境資源學系,理,17,10,2,1,7,2,35,15,29,8,8,23,6,37,10,10,164,158,18,3,14
465,106,2090,大氣科學系,理,12,4,5,0,7,4,19,11,25,5,5,20,9,15,5,5,163,159,15,3,16
466,106,3021,政治學系 政治理論組,社科,35,18,6,11,11,8,44,12,75,10,10,35,10,47,14,20,236,230,30,8,12
467,106,3022,政治學系 國際關係組,社科,7,4,32,9,11,11,29,12,126,20,20,31,14,118,40,40,291,279,28,8,12
468,106,3023,政治學系 公共行政組,社科,31,12,6,9,11,7,45,18,61,10,10,43,11,52,11,20,225,218,30,8,12
469,106,3030,經濟學系,社科,8,5,73,23,24,24,52,22,292,45,50,41,16,365,67,75,590,561,54,11,48
470,106,3050,社會學系,社科,15,8,6,0,9,6,26,7,62,28,NA,23,6,66,29,NA,204,197,27,4,10
471,106,3100,社會工作學系,社科,21,6,1,2,10,1,38,11,24,10,NA,32,12,37,15,NA,211,206,21,4,19
472,106,4010,醫學系,醫,1,1,6,0,2,1,15,6,0,0,--,19,14,0,0,,1001,994,68,6,40
473,106,4020,牙醫學系,醫,2,1,4,0,1,1,0,0,0,0,0,0,0,0,0,0,211,210,20,1,8
474,106,4030,藥學系,醫,1,0,16,0,8,6,4,1,0,0,0,5,1,0,0,0,198,195,,,
475,106,4031,藥學系,醫,0,0,0,0,--,0,0,0,0,0,--,1,0,0,0,--,40,40,19,10,15
476,106,4040,醫學檢驗暨生物技術學系,醫,4,1,9,6,6,5,2,2,0,0,0,2,1,0,0,0,125,119,21,4,12
477,106,4060,護理學系,醫,9,5,2,0,5,1,8,2,0,0,--,6,3,0,0,--,152,150,23,3,20
478,106,4080,物理治療學系,醫,3,0,6,0,9,2,4,1,0,0,0,4,2,0,0,,133,131,,,
479,106,4081,物理治療學系,醫,,,,,,,,,,,,,,,,,30,30,15,5,17
480,106,4090,職能治療學系,醫,1,0,6,0,8,6,4,4,0,0,--,3,0,0,0,--,156,148,15,2,20
481,106,5010,土木工程學系,工,17,8,11,6,22,9,27,6,27,8,10,23,3,23,9,10,476,452,20,8,70
482,106,5020,機械工程學系,工,33,18,14,0,20,9,42,13,50,5,5,35,10,23,6,10,650,626,23,16,97
483,106,5040,化學工程學系,工,7,3,9,0,15,4,13,3,19,6,6,10,2,15,5,10,473,453,26,9,80
484,106,5050,工程科學及海洋工程學系,工,11,4,5,13,10,7,15,3,34,5,5,14,7,26,7,10,190,182,10,3,32
485,106,5070,材料科學與工程學系,工,6,4,1,0,2,1,12,3,20,2,NA。,9,5,16,0,NA,210,203,8,3,38
486,106,6010,農藝學系,生農,14,11,2,2,8,2,23,13,24,5,5,17,9,17,5,5,162,162,15,5,15
487,106,6020,生物環境系統工程學系,生農,8,3,3,1,5,3,24,12,15,4,5,23,11,9,3,10,201,193,20,4,22
488,106,6030,農業化學系,生農,7,3,0,7,9,2,17,6,0,0,0,12,6,0,0,0,168,158,24,4,15
489,106,6050,森林環境暨資源學系,生農,32,19,1,2,17,2,50,18,41,28,60,38,15,29,9,60,274,261,27,9,36
490,106,6060,動物科學技術學系,生農,16,11,1,0,9,1,13,5,17,5,5,3,0,0,0,,110,108,18,6,12
491,106,6070,農業經濟學系,生農,26,12,1,2,11,1,41,13,19,5,5,30,12,13,2,10,179,173,22,5,20
492,106,6080,園藝暨景觀學系,生農,11,5,6,3,12,6,13,5,48,10,10,18,8,54,15,15,231,219,22,5,25
493,106,6090,獸醫學系,生農,2,2,30,0,13,13,4,2,0,0,--,4,0,0,0,--,335,337,22,6,30
494,106,6100,生物產業傳播暨發展學系,生農,13,8,14,8,10,10,40,17,83,10,10,35,11,80,10,10,254,242,26,5,15
495,106,6110,生物產業機電工程學系,生農,11,5,6,5,9,7,14,1,14,3,5,16,4,16,5,5,181,176,22,4,14
496,106,6120,昆蟲學系,生農,8,6,0,0,8,0,14,9,4,3,5,6,3,7,3,5,94,90,22,3,10
497,106,6130,植物病理與微生物學系,生農,7,5,0,0,8,0,13,4,12,5,5,11,5,9,4,5,127,120,23,3,8
498,106,7011,工商管理學系 企業管理組,管,4,2,8,15,7,4,16,5,0,0,--,18,6,0,0,,259,249,25,3,25
499,106,7012,工商管理學系 科技管理組,管,5,3,6,4,3,3,14,4,0,0,--,12,7,0,0,,149,144,18,3,21
500,106,7020,會計學系,管,2,1,41,0,15,15,22,9,77,9,10,18,3,0,0,--,515,506,53,10,43
501,106,7030,財務金融學系,管,2,2,20,0,10,10,37,16,82,20,20,25,7,0,0,--,542,528,58,7,45
502,106,7040,國際企業學系,管,4,2,2,0,10,0,14,4,48,3,10,23,8,57,3,10,381,372,37,5,45
503,106,7050,資訊管理學系,管,9,2,13,0,5,3,12,5,54,5,5,11,6,0,0,0,209,206,11,3,35
504,106,8010,公共衛生學系,公衛,10,3,1,1,5,1,14,6,27,3,3,16,8,23,12,12,164,158,13,7,23
505,106,9010,電機工程學系,電資,0,0,46,0,20,20,31,13,45,5,5,43,22,34,4,5,805,759,45,18,93
506,106,9020,資訊工程學系,電資,8,6,26,0,5,5,21,9,115,6,6,31,18,126,6,6,526,502,25,8,72
507,106,A010,法律學系,法,0,0,0,0,--,0,0,0,0,0,--,0,0,76,0,20,,,,,
508,106,A011,法律學系 法學組,法,1,1,10,23,11,5,13,10,99,1,15,15,8,0,0,--,256,248,32,6,12
509,106,A012,法律學系 司法組,法,0,0,25,32,11,11,13,9,105,9,15,14,8,0,0,--,269,262,33,6,12
510,106,A013,法律學系 財經法學組,法,2,2,27,9,11,11,22,11,98,15,15,22,8,0,0,--,273,269,33,6,12
511,106,B010,生命科學系,生科,16,7,2,0,10,1,11,2,31,10,10,11,5,32,10,10,186,182,32,8,18
512,106,B020,生化科技學系,生科,4,3,10,0,10,8,7,2,27,4,5,9,7,32,5,5,178,175,24,4,19
513,107,1010,中國文學系,文,9,5,5,0,9,4,34,8,43,20,NA,32,15,59,14,NA,279,272,23,6,20
514,107,1011,中文國際學士班,文,0,0,3,1,3,2,1,0,0,0,NA,2,0,0,0,NA,65,63,,,
515,107,1020,外國語文學系,文,11,6,11,6,5,5,56,22,62,5,5,69,26,0,15,15,555,526,49,10,47
516,107,1030,歷史學系,文,18,8,6,1,11,4,46,21,36,10,10,36,18,31,8,20,259,251,21,5,24
517,107,1040,哲學系,文,17,6,0,2,9,1,34,10,59,29,NA,26,12,76,43,NA,178,166,16,4,20
518,107,1050,人類學系,文,15,10,2,1,8,1,33,13,41,23,NA,21,9,46,25,NA,169,161,17,6,12
519,107,1060,圖書資訊學系,文,25,17,0,0,10,0,36,16,46,30,30,34,20,35,11,30,192,185,19,5,19
520,107,1070,日本語文學系,文,13,4,4,0,11,1,35,11,77,5,5,41,19,92,10,10,255,250,31,5,15
521,107,1090,戲劇學系,文,7,7,4,0,7,3,15,5,35,3,3,14,4,60,2,2,178,168,20,2,10
522,107,2010,數學系,理,1,0,7,4,8,2,5,1,49,21,30,6,3,68,21,50,215,211,10,5,22
523,107,2020,物理學系,理,10,4,16,0,11,7,23,11,63,10,10,30,8,66,10,10,260,253,11,4,35
524,107,2030,化學系,理,5,2,10,6,7,5,16,7,21,3,3,15,4,24,4,6,277,267,17,5,32
525,107,2040,地質科學系,理,31,12,1,2,9,1,32,14,31,20,NA,30,13,15,4,NA,156,152,14,2,22
526,107,2070,心理學系,理,7,5,31,0,14,14,22,8,115,12,12,27,10,151,12,12,293,277,43,7,13
527,107,2080,地理環境資源學系,理,11,3,6,0,7,5,22,9,33,8,8,24,13,38,10,10,163,156,13,3,14
528,107,2090,大氣科學系,理,13,4,1,0,7,1,25,9,18,5,5,20,2,14,5,5,152,152,16,3,16
529,107,3021,政治學系 政治理論組,社科,30,13,12,13,11,11,44,18,76,10,10,44,24,51,8,20,240,225,30,8,12
530,107,3022,政治學系 國際關係組,社科,9,2,33,16,11,11,39,12,143,20,20,33,22,142,40,40,299,279,29,8,12
531,107,3023,政治學系 公共行政組,社科,30,15,7,11,11,8,43,13,77,10,10,48,27,50,13,20,227,219,30,8,12
532,107,3030,經濟學系,社科,12,5,72,22,24,24,51,18,273,45,50,45,15,462,151,400,592,573,55,11,48
533,107,3050,社會學系,社科,22,7,6,0,9,4,39,20,57,29,NA,34,17,50,16,NA,219,213,27,4,10
534,107,3100,社會工作學系,社科,25,11,4,0,10,2,39,18,29,11,NA,38,22,46,29,NA,207,201,20,4,18
535,107,4010,醫學系,醫,0,0,2,0,2,0,19,6,0,0,--,17,9,0,0,,1021,1014,76,6,52
536,107,4020,牙醫學系,醫,0,0,2,0,1,0,1,1,0,0,0,0,0,0,0,0,215,215,21,1,8
537,107,4030,藥學系,醫,3,1,14,2,8,6,4,2,0,0,0,5,2,0,0,0,230,228,,,
538,107,4031,藥學系,醫,0,0,0,0,--,0,0,0,0,0,--,0,0,0,0,--,25,24,19,10,15
539,107,4040,醫學檢驗暨生物技術學系,醫,4,1,4,5,8,4,3,1,0,0,0,3,3,0,0,0,139,134,21,4,12
540,107,4060,護理學系,醫,10,7,3,0,5,3,8,3,0,0,--,9,5,0,0,--,158,157,23,3,22
541,107,4080,物理治療學系,醫,4,3,9,0,9,6,5,0,0,0,0,4,2,0,0,,96,94,,,
542,107,4081,物理治療學系,醫,,,,,,,,,,,,,,,,,71,71,15,5,17
543,107,4090,職能治療學系,醫,4,1,7,0,8,4,4,2,0,0,--,4,1,0,0,--,159,158,14,2,20
544,,4021,學士後護理學系,醫,,,,,,,,,,,,,,,,,29,29,0,0,0
545,107,5010,土木工程學系,工,21,12,11,4,22,6,34,8,43,10,10,32,9,37,5,10,471,453,18,7,69
546,107,5020,機械工程學系,工,33,14,11,0,20,5,47,12,49,5,5,43,16,40,10,10,629,594,23,16,95
547,107,5040,化學工程學系,工,14,5,7,0,15,4,20,7,23,5,6,21,8,15,3,10,455,438,21,9,75
548,107,5050,工程科學及海洋工程學系,工,14,3,3,11,10,6,16,1,26,5,5,15,4,17,7,10,196,189,10,3,32
549,107,5070,材料科學與工程學系,工,3,1,1,0,3,1,12,5,11,2,NA。,9,5,13,2,NA,216,200,8,3,37
550,107,5080,醫學工程學系,工,,,,,,,,,,,,,,,,,16,15,9,1,11
551,107,6010,農藝學系,生農,9,5,2,1,8,2,15,6,17,5,5,16,5,14,5,5,163,164,14,5,15
552,107,6020,生物環境系統工程學系,生農,9,2,1,0,5,1,28,16,15,5,5,20,6,9,1,10,196,193,20,4,22
553,107,6030,農業化學系,生農,8,3,1,4,10,3,16,7,0,0,0,20,11,0,0,0,160,153,23,4,15
554,107,6050,森林環境暨資源學系,生農,19,15,0,2,17,0,38,22,43,22,100,35,20,33,17,100,269,264,27,9,36
555,107,6060,動物科學技術學系,生農,13,9,2,2,9,4,10,4,12,5,5,7,2,0,0,,119,112,18,6,11
556,107,6070,農業經濟學系,生農,32,19,0,1,10,0,40,12,20,5,5,37,12,16,3,10,171,166,22,5,20
557,107,6080,園藝暨景觀學系,生農,11,6,2,4,12,3,13,5,42,10,10,11,4,41,15,15,216,209,22,5,25
558,107,6090,獸醫學系,生農,1,0,27,0,13,13,1,0,0,0,--,1,0,0,0,--,359,361,22,6,30
559,107,6100,生物產業傳播暨發展學系,生農,13,4,19,5,10,10,27,13,75,10,10,37,13,80,10,10,259,247,26,5,15
560,107,6110,生物產業機電工程學系,生農,11,6,1,5,9,2,16,3,13,2,5,13,5,19,5,5,181,168,22,4,14
561,107,6120,昆蟲學系,生農,5,5,0,0,8,0,9,3,5,2,5,5,1,6,4,5,92,88,22,3,10
562,107,6130,植物病理與微生物學系,生農,8,4,0,0,8,0,15,3,14,5,5,17,12,8,5,5,127,125,24,3,8
563,107,7011,工商管理學系 企業管理組,管,1,1,15,15,7,4,11,4,0,0,--,13,3,0,0,,264,250,19,3,27
564,107,7012,工商管理學系 科技管理組,管,5,1,5,9,3,3,19,4,0,0,--,18,4,0,0,,163,151,12,3,24
565,107,7020,會計學系,管,2,0,33,0,22,22,30,9,77,10,10,34,8,0,0,--,523,502,51,10,43
566,107,7030,財務金融學系,管,2,0,16,0,10,10,35,9,70,20,20,43,12,0,0,--,552,522,58,7,45
567,107,7040,國際企業學系,管,4,3,1,0,10,0,21,9,48,3,10,26,8,57,1,10,370,353,37,5,45
568,107,7050,資訊管理學系,管,6,3,14,0,5,5,15,8,55,5,5,16,9,0,0,0,214,210,11,3,35
569,107,8010,公共衛生學系,公衛,15,4,1,0,5,1,23,6,37,3,3,17,7,28,12,12,159,156,13,7,23
570,107,9010,電機工程學系,電資,4,0,67,0,20,20,33,15,62,5,5,34,14,62,5,5,802,752,45,18,93
571,107,9020,資訊工程學系,電資,1,0,34,0,5,5,22,16,157,6,6,26,13,179,6,6,554,527,25,8,72
572,107,A010,法律學系,法,0,0,0,0,--,0,0,0,0,0,--,0,0,81,0,20,,,,,
573,107,A011,法律學系 法學組,法,1,1,15,25,11,5,23,14,111,8,15,26,19,0,0,--,254,253,32,6,12
574,107,A012,法律學系 司法組,法,0,0,18,25,11,4,25,14,109,14,15,23,9,0,0,--,269,262,33,6,12
575,107,A013,法律學系 財經法學組,法,0,0,25,6,11,8,17,10,103,15,15,18,10,0,0,--,272,267,33,6,12
576,107,B010,生命科學系,生科,10,7,4,2,10,1,16,6,27,10,10,8,3,35,10,10,178,171,23,8,24
577,107,B020,生化科技學系,生科,3,1,6,1,10,6,7,0,21,4,5,6,5,23,5,5,162,155,24,4,19
578,108,1010,中國文學系,文,9,6,2,0,9,1,36,14,43,18,NA,36,16,76,20,NA,271,,22,6,20
579,108,1011,中文國際學士班,文,0,0,1,0,3,1,2,0,0,0,NA,2,0,3,2,NA,60,,,,
580,108,1020,外國語文學系,文,15,8,13,3,5,5,68,23,51,5,5,56,35,0,15,15,573,,51,10,47
581,108,1030,歷史學系,文,25,13,5,4,11,2,52,28,45,15,15,52,22,47,18,20,258,,21,5,24
582,108,1040,哲學系,文,18,9,4,3,9,2,34,14,52,30,NA,28,12,80,44,NA,185,,16,4,20
583,108,1050,人類學系,文,16,11,2,3,8,2,34,15,47,33,NA,26,11,45,20,NA,178,,17,6,12
584,108,1060,圖書資訊學系,文,20,7,1,0,10,0,33,9,28,18,30,38,14,37,16,30,200,,19,6,19
585,108,1070,日本語文學系,文,13,3,2,0,11,1,35,9,66,5,5,42,25,110,10,10,263,,24,5,20
586,108,1090,戲劇學系,文,10,5,7,2,7,7,17,8,29,3,3,12,4,41,2,2,177,,20,2,10
587,108,2010,數學系,理,2,0,2,3,8,1,12,7,50,22,30,17,8,48,20,50,207,,10,5,22
588,108,2020,物理學系,理,4,3,17,0,11,11,20,12,50,10,10,23,8,56,10,10,264,,11,4,35
589,108,2030,化學系,理,4,0,6,10,7,3,8,4,18,2,3,7,2,22,6,6,276,,17,5,32
590,108,2040,地質科學系,理,31,11,0,1,9,0,39,12,17,10,NA,32,18,9,2,NA,153,,15,2,22
591,108,2070,心理學系,理,2,0,37,0,14,13,12,8,108,12,12,15,6,133,12,12,301,,43,7,13
592,108,2080,地理環境資源學系,理,7,5,4,1,7,5,18,6,30,8,8,19,11,42,10,10,161,,13,3,14
593,108,2090,大氣科學系,理,12,4,3,3,7,5,14,3,18,5,5,16,5,18,5,5,157,,16,3,16
594,108,3021,政治學系 政治理論組,社科,38,12,9,11,11,9,49,16,77,10,10,39,21,60,17,20,240,,30,8,12
595,108,3022,政治學系 國際關係組,社科,25,12,30,23,11,11,55,16,129,20,20,54,30,147,25,40,303,,30,8,12
596,108,3023,政治學系 公共行政組,社科,41,21,9,5,11,6,51,9,68,10,10,45,23,48,8,20,220,,30,8,12
597,108,3030,經濟學系,社科,18,9,87,25,24,22,62,23,336,50,50,56,21,445,188,200,600,,54,11,48
598,108,3050,社會學系,社科,26,10,10,0,9,7,40,16,67,34,NA,30,13,77,25,NA,220,,25,6,10
599,108,3100,社會工作學系,社科,27,15,4,0,10,4,36,15,20,9,NA,35,17,45,21,NA,209,,20,4,18
600,108,4010,醫學系,醫,1,1,4,0,2,0,9,3,0,0,--,9,7,0,0,,908,,55,12,62
601,108,4020,牙醫學系,醫,0,0,5,0,1,0,2,0,0,0,0,1,0,0,0,0,223,,20,1,8
602,108,4030,藥學系,醫,2,0,19,0,8,8,0,0,0,0,0,3,3,0,0,0,273,,,,
603,108,4031,藥學系,醫,0,0,0,0,--,0,0,0,0,0,--,0,0,0,0,--,,,19,8,17
604,108,4040,醫學檢驗暨生物技術學系,醫,8,1,2,6,8,3,3,1,0,0,0,2,0,0,0,0,146,,15,4,18
605,108,4060,護理學系,醫,11,9,0,1,5,0,11,7,0,0,--,11,3,0,0,--,153,,22,4,20
606,108,4080,物理治療學系,醫,2,1,11,0,9,9,1,0,0,0,0,3,2,0,0,0,57,,,,
607,108,4081,物理治療學系,醫,,,,,,,,,,,,,,,,,103,,15,5,17
608,108,4090,職能治療學系,醫,2,2,8,0,6,6,5,1,0,0,--,6,0,0,0,--,171,,16,2,20
609,108,4021,學士後護理系,醫,,,,,,,,,,,,,,,,,54,,0,0,0
610,108,5010,土木工程學系,工,11,3,5,7,22,0,27,11,31,3,10,21,4,31,6,10,450,,18,7,69
611,108,5020,機械工程學系,工,28,10,7,0,20,5,40,9,53,4,5,43,11,27,8,10,643,,22,16,95
612,108,5040,化學工程學系,工,11,4,11,0,15,4,24,7,25,3,6,29,10,15,2,10,430,,20,9,75
613,108,5050,工程科學及海洋工程學系,工,10,4,7,9,10,2,21,0,49,4,5,15,6,26,10,10,204,,10,3,32
614,108,5070,材料科學與工程學系,工,3,2,1,0,3,0,5,2,6,2,NA。,9,3,11,1,NA,210,,8,3,37
615,108,5080,醫學工程學系,工,0,0,0,0,4,0,1,0,3,0,0,2,1,1,0,--,34,,6,1,15
616,108,6010,農藝學系,生農,11,5,0,1,8,0,14,3,19,5,5,15,5,16,5,5,167,,14,5,15
617,108,6020,生物環境系統工程學系,生農,5,3,0,0,5,0,33,12,7,5,5,32,15,14,6,10,195,,20,4,22
618,108,6030,農業化學系,生農,10,6,2,3,10,3,15,7,0,0,0,11,3,0,0,0,156,,25,4,15
619,108,6050,森林環境暨資源學系,生農,23,15,1,1,17,0,36,14,30,12,100,37,18,27,14,100,258,,29,9,33
620,108,6060,動物科學技術學系,生農,15,6,1,2,9,1,9,1,10,2,5,12,6,0,0,,118,,17,6,11
621,108,6070,農業經濟學系,生農,25,11,0,2,10,2,27,9,12,4,5,21,13,9,1,10,181,,21,5,20
622,108,6080,園藝暨景觀學系,生農,18,9,2,0,12,1,20,7,30,10,10,18,8,29,10,15,200,,23,5,24
623,108,6090,獸醫學系,生農,1,0,24,0,13,10,4,0,0,0,--,4,0,0,0,--,370,,22,6,30
624,108,6100,生物產業傳播暨發展學系,生農,11,5,10,10,10,9,24,12,50,10,10,23,11,51,9,10,268,,26,5,15
625,108,6110,生物機電工程學系,生農,8,4,3,9,9,6,18,7,12,3,5,14,4,17,5,5,181,,22,4,14
626,108,6120,昆蟲學系,生農,7,5,0,1,8,0,10,5,3,0,5,7,3,6,1,5,94,,22,3,10
627,108,6130,植物病理與微生物學系,生農,9,5,0,0,8,0,16,7,11,5,5,14,7,14,4,5,124,,24,3,8
628,108,7011,工商管理學系 企業管理組,管,3,2,18,12,9,4,15,6,0,0,--,12,8,0,0,,259,,18,3,27
629,108,7012,工商管理學系 科技管理組,管,7,2,2,9,5,4,17,9,0,0,--,14,8,0,0,,171,,13,3,24
630,108,7020,會計學系,管,5,2,33,0,22,22,32,7,69,10,10,30,11,0,0,--,524,,51,10,43
631,108,7030,財務金融學系,管,3,3,15,0,10,10,31,8,89,20,20,34,10,0,0,--,544,,58,7,45
632,108,7040,國際企業學系,管,3,1,3,0,10,0,25,14,45,3,10,31,15,51,2,10,359,,37,5,45
633,108,7050,資訊管理學系,管,7,2,20,0,5,5,16,4,50,5,5,13,8,0,0,0,212,,11,3,35
634,108,8010,公共衛生學系,公衛,7,4,1,0,5,0,17,10,6,3,4,16,7,5,0,12,157,,11,7,25
635,108,9010,電機工程學系,電資,3,0,48,0,20,20,32,12,57,5,5,49,18,58,5,5,1370,,45,18,93
636,108,9020,資訊工程學系,電資,2,2,42,0,7,7,17,10,148,6,6,18,12,169,6,6,814,,24,8,72
637,108,A010,法律學系,法,0,0,0,0,--,0,0,0,0,0,--,0,0,96,1,20,556,,,,
638,108,A011,法律學系 法學組,法,3,1,21,36,11,8,21,14,136,11,15,21,8,0,0,--,272,,32,6,12
639,108,A012,法律學系 司法組,法,0,0,33,39,11,11,26,12,140,12,15,25,13,0,0,--,279,,33,6,12
640,108,A013,法律學系 財經法學組,法,2,0,31,7,11,11,14,4,131,15,15,22,15,0,0,--,285,,33,6,12
641,108,B010,生命科學系,生科,10,1,5,0,10,4,11,2,20,10,10,7,3,33,10,10,191,,25,8,24
642,108,B020,生化科技學系,生科,4,1,4,0,10,3,10,1,17,4,5,9,3,10,2,5,144,,9,4,33
